{"cost_model": {"rmse": 16.45550032944578, "mae": 12.024525157232707, "r2": 0.768859614807463}, "co2_model": {"rmse": 16.45550032944578, "mae": 12.024525157232707, "r2": 0.768859614807463}}